AttendanceID,StudentID,Term,ClassesScheduled,ClassesAttended,LMSLogins,AdvisorMeetings,EngagementRisk
ATT000001,WMU00448,Spring 2024,36,22,45,0,High
ATT000002,WMU00040,Spring 2025,36,15,80,4,High
ATT000003,WMU00491,Spring 2025,24,30,15,1,Low
ATT000004,WMU00130,Fall 2023,24,35,45,2,Low
ATT000005,WMU00360,Fall 2024,24,22,60,4,High
ATT000006,WMU00411,Spring 2024,32,28,15,4,Medium
ATT000007,WMU00069,Fall 2023,36,15,15,1,Low
ATT000008,WMU00224,Fall 2025,40,20,60,2,Low
ATT000009,WMU00099,Spring 2024,24,29,20,2,High
ATT000010,WMU00487,Fall 2023,36,28,10,2,High
ATT000011,WMU00429,Fall 2023,30,20,30,4,High
ATT000012,WMU00056,Fall 2025,20,22,15,1,Low
ATT000013,WMU00092,Spring 2025,28,32,80,0,Medium
ATT000014,WMU00203,Spring 2025,30,38,45,0,High
ATT000015,WMU00276,Fall 2025,24,28,45,2,Medium
ATT000016,WMU00220,Spring 2024,36,32,5,1,Low
ATT000017,WMU00484,Spring 2024,20,30,10,3,Medium
ATT000018,WMU00342,Fall 2024,20,22,60,2,Medium
ATT000019,WMU00273,Spring 2025,40,28,30,3,Medium
ATT000020,WMU00086,Spring 2024,20,20,10,4,High
ATT000021,WMU00348,Spring 2025,24,38,10,1,Medium
ATT000022,WMU00159,Spring 2025,36,15,60,2,Severe
ATT000023,WMU00097,Fall 2023,30,30,10,1,Low
ATT000024,WMU00074,Fall 2025,40,20,100,1,High
ATT000025,WMU00312,Spring 2024,36,15,45,3,Medium
ATT000026,WMU00281,Fall 2023,28,30,100,2,Low
ATT000027,WMU00096,Spring 2024,36,15,30,2,Medium
ATT000028,WMU00397,Spring 2024,28,28,45,0,Low
ATT000029,WMU00313,Fall 2024,30,22,45,3,Low
ATT000030,WMU00113,Spring 2025,30,32,80,4,High
ATT000031,WMU00432,Fall 2025,40,25,20,1,High
ATT000032,WMU00054,Fall 2025,24,32,60,1,High
ATT000033,WMU00136,Spring 2025,36,38,5,2,High
ATT000034,WMU00182,Spring 2025,40,30,5,0,High
ATT000035,WMU00105,Fall 2024,24,22,60,4,Medium
ATT000036,WMU00425,Spring 2024,36,20,60,4,Low
ATT000037,WMU66666,Fall 2024,24,20,15,0,High
ATT000038,WMU00282,Fall 2023,30,28,45,0,Medium
ATT000039,WMU00148,Fall 2023,20,32,5,3,High
ATT000040,WMU00336,Fall 2025,30,15,10,2,High
ATT000041,WMU00103,Fall 2024,20,20,5,0,Low
ATT000042,WMU00243,Fall 2024,32,22,30,2,High
ATT000043,WMU00097,Spring 2025,20,32,60,4,Medium
ATT000044,WMU00256,Spring 2025,24,18,60,1,High
ATT000045,WMU00470,Spring 2025,20,35,20,1,High
ATT000046,WMU00255,Fall 2023,40,22,10,4,Low
ATT000047,WMU00064,Fall 2024,32,30,15,0,Low
ATT000048,WMU00122,Fall 2025,40,28,20,0,Medium
ATT000049,WMU00212,Spring 2024,20,20,15,3,Low
ATT000050,WMU00099,Fall 2025,40,15,100,1,Low
ATT000051,WMU00193,Fall 2025,32,22,-3,3,High
ATT000052,WMU00032,Spring 2025,28,20,80,0,Medium
ATT000053,WMU00320,Spring 2024,28,38,100,2,Medium
ATT000054,WMU00435,Spring 2025,36,35,100,3,Low
ATT000055,WMU00385,Spring 2025,32,20,5,3,Low
ATT000056,WMU00407,Fall 2024,24,20,100,0,Low
ATT000057,WMU00019,Spring 2024,24,30,100,0,Medium
ATT000058,WMU00158,Spring 2025,28,30,60,2,High
ATT000059,WMU00210,Fall 2025,32,28,15,2,Medium
ATT000060,WMU00500,Fall 2023,30,15,60,0,High
ATT000061,WMU00106,Fall 2023,30,25,80,1,High
ATT000062,WMU00482,Spring 2025,36,25,45,1,Medium
ATT000063,WMU00378,Fall 2023,30,22,80,4,Medium
ATT000064,WMU00191,Fall 2023,36,25,80,12,High
ATT000065,WMU00178,Fall 2024,32,25,5,3,Low
ATT000066,WMU00052,Fall 2025,40,38,30,3,Medium
ATT000067,WMU00426,Spring 2025,30,32,80,0,Medium
ATT000068,WMU00137,Spring 2025,20,20,100,4,High
ATT000069,WMU00167,Fall 2024,30,20,100,2,Low
ATT000070,WMU00440,Fall 2024,30,35,5,4,Low
ATT000071,WMU00041,Fall 2023,32,20,60,0,High
ATT000072,WMU00396,Fall 2024,36,30,30,0,Medium
ATT000073,WMU00489,Fall 2024,20,15,45,1,Medium
ATT000074,WMU00261,Fall 2024,20,35,60,0,Medium
ATT000075,WMU00323,Fall 2024,30,30,100,4,Low
ATT000076,WMU00165,Spring 2025,40,22,10,3,Medium
ATT000077,WMU00235,Spring 2024,28,32,45,0,Low
ATT000078,WMU00084,Fall 2025,30,38,100,1,Low
ATT000079,WMU00263,Spring 2025,24,25,15,4,High
ATT000080,WMU00170,Fall 2023,28,22,45,2,Low
ATT000081,WMU00079,Fall 2025,40,30,5,0,High
ATT000082,WMU00413,Spring 2025,32,18,100,2,High
ATT000083,WMU00477,Spring 2025,20,35,80,0,High
ATT000084,WMU00082,Spring 2025,20,32,5,4,High
ATT000085,WMU00342,Fall 2023,36,30,80,0,Medium
ATT000086,WMU00091,Fall 2023,24,15,80,3,High
ATT000087,WMU00379,Fall 2023,20,15,80,2,Low
ATT000088,WMU00471,Fall 2023,28,22,20,3,High
ATT000089,WMU00131,Fall 2025,32,28,80,4,Medium
ATT000090,WMU00453,Fall 2023,30,20,30,3,Low
ATT000091,WMU00479,Spring 2024,36,15,45,0,Low
ATT000092,WMU00445,Fall 2025,20,38,5,0,High
ATT000093,WMU00478,Spring 2025,30,15,10,3,High
ATT000094,WMU00400,Spring 2025,36,28,5,1,Low
ATT000095,WMU00355,Fall 2024,28,15,15,2,High
ATT000096,WMU00237,Fall 2025,28,38,80,1,High
ATT000097,WMU00200,Spring 2024,40,22,15,0,Low
ATT000098,WMU00244,Fall 2025,20,20,80,2,High
ATT000099,WMU00016,Autumn 2024,40,38,80,2,High
ATT000100,WMU00130,Spring 2024,30,28,20,4,Medium
ATT000101,WMU00406,Spring 2024,28,38,80,2,Medium
ATT000102,WMU00431,Fall 2025,40,20,45,1,Medium
ATT000103,WMU00285,Fall 2024,36,38,30,1,Low
ATT000104,WMU00030,Spring 2025,28,18,60,2,Low
ATT000105,WMU00132,Fall 2024,28,22,80,2,Low
ATT000106,WMU00076,Spring 2025,40,28,10,1,Low
ATT000107,WMU00309,Fall 2025,30,38,20,3,Medium
ATT000108,WMU00436,Fall 2023,40,30,80,3,High
ATT000109,WMU00476,Spring 2025,20,30,5,4,Medium
ATT000110,WMU00068,Spring 2024,28,32,10,3,Medium
ATT000111,WMU00465,Fall 2024,32,15,45,4,Medium
ATT000112,WMU00129,Fall 2023,32,30,100,4,Low
ATT000113,WMU00239,Fall 2025,28,25,5,4,Low
ATT000114,WMU00253,Fall 2024,24,28,100,3,Low
ATT000115,WMU00326,Fall 2023,28,15,45,3,Medium
ATT000116,WMU00106,Fall 2024,28,28,5,4,High
ATT000117,WMU00128,Fall 2024,32,35,60,1,Low
ATT000118,WMU00111,Fall 2024,28,28,20,2,Low
ATT000119,WMU00040,Fall 2023,30,38,10,0,Low
ATT000120,WMU00333,Fall 2024,20,15,100,2,High
ATT000121,WMU00489,Spring 2025,40,18,100,2,Medium
ATT000122,WMU00241,Fall 2024,36,30,100,4,High
ATT000123,WMU00036,Spring 2024,36,28,20,1,Low
ATT000124,WMU00101,Spring 2024,24,28,60,0,High
ATT000125,WMU00376,Spring 2024,36,22,5,3,High
ATT000126,WMU00112,Spring 2024,36,22,30,4,Low
ATT000127,WMU00265,Fall 2023,40,15,15,1,High
ATT000128,WMU00364,Fall 2023,40,30,30,1,Medium
ATT000129,WMU00121,Fall 2025,32,32,15,0,Medium
ATT000130,WMU00025,Spring 2024,40,28,30,4,Low
ATT000131,WMU00207,Spring 2024,40,38,100,3,High
ATT000132,WMU00201,Fall 2024,40,18,15,0,Medium
ATT000133,WMU00459,Spring 2024,30,25,100,2,Medium
ATT000134,WMU00410,Spring 2024,28,30,5,2,Low
ATT000135,WMU00276,Fall 2023,32,22,80,0,Medium
ATT000136,WMU00339,Fall 2025,36,35,30,3,Low
ATT000137,WMU00027,Fall 2025,20,25,60,0,Medium
ATT000138,WMU00126,Fall 2025,24,32,45,4,Low
ATT000139,WMU00240,Fall 2024,40,25,45,1,High
ATT000140,WMU00323,Fall 2023,40,20,60,3,Medium
ATT000141,WMU00182,Fall 2024,32,35,100,4,Medium
ATT000142,WMU00202,Spring 2025,32,35,100,3,Medium
ATT000143,WMU00353,Fall 2023,28,25,30,2,High
ATT000144,WMU00030,Spring 2024,28,32,30,0,Low
ATT000145,WMU00058,Fall 2025,28,15,10,4,Low
ATT000146,WMU00099,Fall 2024,36,38,20,3,Low
ATT000147,WMU00317,Fall 2024,36,28,60,1,High
ATT000148,WMU00256,Fall 2025,30,28,10,4,Low
ATT000149,WMU00192,Fall 2025,28,30,20,4,High
ATT000150,WMU00230,Spring 2024,20,18,15,2,High
ATT000151,WMU00305,Spring 2025,28,25,80,4,Low
ATT000152,WMU00016,Fall 2025,30,28,60,0,Low
ATT000153,WMU00455,Spring 2024,28,30,100,3,Low
ATT000154,WMU00257,Spring 2024,36,20,20,0,Medium
ATT000155,WMU00464,Fall 2024,20,30,45,4,Medium
ATT000156,WMU00355,Spring 2025,32,15,45,1,Low
ATT000157,WMU00280,Spring 2025,30,15,15,1,Medium
ATT000158,WMU00452,Fall 2023,36,25,20,1,Low
ATT000159,WMU00466,Fall 2025,24,32,15,3,Low
ATT000160,WMU00431,Spring 2025,32,30,15,2,Medium
ATT000161,WMU00358,Spring 2025,30,28,60,1,Low
ATT000162,WMU00255,Fall 2024,40,18,15,0,Low
ATT000163,WMU00059,Fall 2025,32,15,80,4,Low
ATT000164,WMU00322,Fall 2024,32,32,100,0,Medium
ATT000165,WMU00120,Spring 2025,30,18,45,2,Medium
ATT000166,WMU00187,Fall 2023,32,35,45,4,Medium
ATT000167,WMU00084,Fall 2024,30,22,45,3,Medium
ATT000168,WMU00218,Spring 2024,36,25,10,4,Low
ATT000169,WMU00112,Fall 2024,24,35,100,1,Medium
ATT000170,WMU00102,Fall 2025,24,18,15,4,High
ATT000171,WMU00259,Fall 2025,32,30,60,4,Low
ATT000172,WMU00425,Fall 2023,28,38,30,3,High
ATT000173,WMU00274,Fall 2024,36,38,100,2,Low
ATT000174,WMU00153,Spring 2025,32,35,15,4,Medium
ATT000175,WMU00080,Fall 2023,30,15,45,1,Low
ATT000176,WMU00218,Fall 2025,24,18,20,1,High
ATT000177,WMU00394,Spring 2024,32,35,80,0,High
ATT000178,WMU00096,Fall 2023,40,20,20,1,Low
ATT000179,WMU00211,Fall 2024,24,30,60,4,Medium
ATT000180,WMU00065,Fall 2025,28,20,80,3,High
ATT000181,WMU00096,Fall 2024,30,20,60,4,High
ATT000182,WMU00446,Spring 2024,36,28,15,3,Low
ATT000183,WMU00108,Fall 2025,32,32,60,0,High
ATT000184,WMU00401,Fall 2024,24,20,5,4,Medium
ATT000185,WMU00313,Spring 2025,30,35,20,2,Medium
ATT000186,WMU00078,Fall 2023,20,15,60,1,High
ATT000187,WMU00270,Fall 2023,32,22,20,2,High
ATT000188,WMU00350,Fall 2024,36,28,45,3,Low
ATT000189,WMU00059,Spring 2025,28,30,15,1,High
ATT000190,WMU00198,Fall 2024,24,32,80,0,Low
ATT000191,WMU00384,Fall 2023,28,28,20,2,High
ATT000192,WMU00323,Spring 2024,28,38,80,1,Low
ATT000193,WMU00208,Fall 2024,24,32,20,1,Low
ATT000194,WMU00311,Fall 2024,32,28,80,0,Medium
ATT000195,WMU00026,Fall 2024,36,20,30,0,High
ATT000196,WMU00419,Fall 2025,24,28,45,2,Medium
ATT000197,WMU00206,Fall 2023,30,35,20,4,Medium
ATT000198,WMU00450,Fall 2025,30,15,30,0,Low
ATT000199,WMU00410,Spring 2025,30,32,100,4,Low
ATT000200,WMU00356,Spring 2025,28,38,60,2,Medium
ATT000201,WMU00372,Spring 2025,40,32,20,4,Medium
ATT000202,WMU00004,Fall 2025,40,28,60,4,Low
ATT000203,WMU00233,Fall 2025,28,25,100,2,High
ATT000204,WMU00048,Spring 2025,36,30,80,1,Low
ATT000205,WMU00400,Fall 2024,24,20,10,1,Medium
ATT000206,WMU00288,Spring 2024,32,38,45,2,High
ATT000207,WMU00055,Spring 2025,30,32,5,0,High
ATT000208,WMU00461,Fall 2025,40,30,15,1,High
ATT000209,WMU00305,Fall 2023,32,25,45,4,High
ATT000210,WMU00012,Spring 2024,36,25,15,3,Medium
ATT000211,WMU00260,Fall 2025,20,32,60,0,High
ATT000212,WMU00486,Fall 2023,32,38,45,1,Low
ATT000213,WMU00362,Fall 2023,20,20,5,1,Low
ATT000214,WMU00282,Spring 2024,32,35,5,0,Low
ATT000215,WMU00004,Spring 2024,36,35,80,0,Medium
ATT000216,WMU00080,Spring 2025,24,35,20,1,Medium
ATT000217,WMU00334,Fall 2023,30,35,5,2,High
ATT000218,WMU00186,Spring 2024,40,18,5,4,High
ATT000219,WMU00351,Fall 2023,20,18,45,1,Low
ATT000220,WMU00370,Fall 2025,30,25,20,2,Medium
ATT000221,WMU00216,Fall 2024,30,15,15,3,Medium
ATT000222,WMU00119,Spring 2025,24,35,80,0,Medium
ATT000223,WMU00439,Fall 2024,30,28,60,4,Medium
ATT000224,WMU00123,Spring 2025,30,38,30,2,Medium
ATT000225,WMU00454,Spring 2024,28,38,45,4,High
ATT000226,WMU00041,Fall 2025,28,28,5,2,Medium
ATT000227,WMU00003,Fall 2023,36,22,60,1,High
ATT000228,WMU00494,Spring 2024,36,18,80,0,Medium
ATT000229,WMU00463,Fall 2025,32,28,30,0,High
ATT000230,WMU00014,Fall 2023,24,38,45,1,High
ATT000231,WMU00182,Fall 2025,28,20,45,1,Low
ATT000232,WMU00049,Fall 2024,30,35,100,1,Low
ATT000233,WMU00099,Fall 2023,30,28,10,0,High
ATT000234,WMU00010,Fall 2025,36,20,10,2,Medium
ATT000235,WMU00379,Fall 2024,30,25,30,2,Low
ATT000236,WMU00150,Fall 2023,20,22,5,1,Medium
ATT000237,WMU00233,Spring 2025,36,30,30,3,Low
ATT000238,WMU00446,Fall 2023,20,35,100,1,Medium
ATT000239,WMU00316,Fall 2023,20,22,45,1,Low
ATT000240,WMU00434,Spring 2025,36,18,15,2,Medium
ATT000241,WMU00315,Fall 2024,20,20,20,3,Low
ATT000242,WMU00032,Fall 2023,28,15,30,0,Low
ATT000243,WMU00472,Spring 2025,40,18,100,0,Medium
ATT000244,WMU00368,Fall 2023,36,20,45,3,High
ATT000245,WMU00393,Spring 2024,28,38,5,0,Medium
ATT000246,WMU00277,Fall 2025,40,32,30,0,Low
ATT000247,WMU00002,Fall 2023,40,22,15,2,Medium
ATT000248,WMU00371,Fall 2025,30,15,10,4,High
ATT000249,WMU00464,Spring 2025,20,18,20,2,High
ATT000250,WMU00025,Fall 2025,36,22,30,4,High
ATT000251,WMU00473,Fall 2024,28,32,10,1,Low
ATT000252,WMU00215,Fall 2024,32,38,60,1,Medium
ATT000253,WMU00289,Spring 2024,30,35,60,0,Low
ATT000254,WMU00026,Spring 2025,30,22,30,1,Low
ATT000255,WMU00380,Fall 2023,40,18,15,0,Low
ATT000256,WMU00463,Spring 2024,32,18,20,4,Low
ATT000257,WMU00272,Spring 2025,24,15,10,2,High
ATT000258,WMU00289,Fall 2025,40,25,100,0,Low
ATT000259,WMU00330,Spring 2025,32,35,5,4,High
ATT000260,WMU00451,Fall 2023,36,35,10,4,Medium
ATT000261,WMU00187,Spring 2024,36,30,30,2,Low
ATT000262,WMU00033,Fall 2024,24,18,10,4,High
ATT000263,WMU00274,Fall 2023,20,35,15,0,High
ATT000264,WMU00118,Fall 2025,24,22,45,3,High
ATT000265,WMU00397,Fall 2024,36,22,10,3,Low
ATT000266,WMU00376,Fall 2023,24,30,60,3,Low
ATT000267,WMU00146,Fall 2025,28,18,80,0,Low
ATT000268,WMU00031,Fall 2023,40,22,100,4,Low
ATT000269,WMU00017,Fall 2025,32,18,100,3,Medium
ATT000270,WMU00245,Spring 2024,20,28,5,0,Low
ATT000271,WMU00321,Fall 2024,36,22,15,0,Low
ATT000272,WMU00054,Spring 2024,28,25,45,3,Low
ATT000273,WMU00167,Fall 2023,30,18,30,4,Medium
ATT000274,WMU00104,Fall 2025,40,30,45,0,High
ATT000275,WMU00439,Spring 2025,30,32,45,1,Medium
ATT000276,WMU00198,Spring 2025,36,32,15,1,Low
ATT000277,WMU00142,Fall 2024,40,30,20,0,Medium
ATT000278,WMU00363,Fall 2025,20,22,80,4,High
ATT000279,WMU00055,Spring 2024,20,18,5,2,High
ATT000280,WMU00008,Fall 2023,40,32,5,1,High
ATT000281,WMU00080,Fall 2025,32,30,20,0,Medium
ATT000282,WMU00296,Spring 2025,30,32,5,0,Medium
ATT000283,WMU00202,Fall 2024,32,38,30,3,High
ATT000284,WMU00436,Spring 2024,40,30,60,4,Low
ATT000285,WMU00311,Fall 2023,40,20,20,1,High
ATT000286,WMU00122,Spring 2024,30,15,5,3,Low
ATT000287,WMU00165,Fall 2024,36,28,100,0,Low
ATT000288,WMU00189,Fall 2023,32,32,10,2,High
ATT000289,WMU00148,Fall 2024,20,35,60,1,Low
ATT000290,WMU00250,Spring 2024,24,22,30,1,Low
ATT000291,WMU00205,Fall 2024,40,30,45,4,Medium
ATT000292,WMU00259,Spring 2024,28,25,100,4,High
ATT000293,WMU00368,Fall 2025,24,38,15,1,Medium
ATT000294,WMU00417,Spring 2024,28,38,5,4,Medium
ATT000295,WMU00276,Fall 2024,24,20,100,2,High
ATT000296,WMU00126,Spring 2024,40,20,45,4,Medium
ATT000297,WMU00378,Spring 2025,36,25,45,2,Low
ATT000298,WMU00293,Spring 2024,24,38,10,4,Medium
ATT000299,WMU00005,Spring 2024,40,15,20,2,High
ATT000300,WMU00282,Fall 2024,40,20,20,3,Medium
ATT000301,WMU00313,Spring 2024,32,35,20,4,High
ATT000302,WMU00491,Fall 2023,30,22,60,4,High
ATT000303,WMU00398,Spring 2025,24,20,20,4,Low
ATT000304,WMU00033,Spring 2024,20,25,20,3,Medium
ATT000305,WMU00167,Spring 2024,30,28,100,2,Medium
ATT000306,WMU00172,Fall 2025,30,25,100,3,High
ATT000307,WMU00187,Fall 2025,30,25,10,3,Low
ATT000308,WMU00052,Fall 2023,30,18,15,0,Medium
ATT000309,WMU00072,Spring 2024,24,18,80,2,Medium
ATT000310,WMU00309,Spring 2025,24,38,80,3,Medium
ATT000311,WMU00108,Spring 2024,20,18,30,2,High
ATT000312,WMU00060,Spring 2025,28,15,100,0,Low
ATT000313,WMU00203,Fall 2023,36,25,30,0,Medium
ATT000314,WMU00133,Spring 2024,30,20,100,0,High
ATT000315,WMU00381,Fall 2025,28,22,60,0,Low
ATT000316,WMU00007,Spring 2025,30,35,60,0,Low
ATT000317,WMU00401,Fall 2025,28,30,5,1,Medium
ATT000318,WMU00307,Spring 2025,20,18,100,4,Low
ATT000319,WMU00354,Fall 2025,30,15,45,2,Medium
ATT000320,WMU00200,Spring 2025,36,25,60,2,Medium
ATT000321,WMU00267,Spring 2025,24,30,100,1,Medium
ATT000322,WMU00449,Spring 2024,32,25,20,3,Medium
ATT000323,WMU00329,Spring 2025,20,25,5,1,Medium
ATT000324,WMU00430,Fall 2023,40,25,45,2,Medium
ATT000325,WMU00445,Spring 2024,40,38,45,3,Medium
ATT000326,WMU00040,Fall 2024,20,15,20,0,Low
ATT000327,WMU00065,Spring 2025,20,38,60,1,Low
ATT000328,WMU00302,Fall 2025,30,20,20,4,Medium
ATT000329,WMU00398,Spring 2024,40,38,80,2,High
ATT000330,WMU00344,Spring 2025,24,18,80,1,Medium
ATT000331,WMU00424,Spring 2025,40,35,20,4,Medium
ATT000332,WMU00441,Fall 2024,36,15,45,3,Low
ATT000333,WMU00004,Fall 2023,40,38,20,2,Low
ATT000334,WMU00136,Fall 2025,40,38,10,3,High
ATT000335,WMU00372,Fall 2023,28,15,100,0,Low
ATT000336,WMU00484,Fall 2023,24,30,30,0,Low
ATT000337,WMU00378,Spring 2024,28,35,30,4,Medium
ATT000338,WMU00163,Fall 2023,24,32,80,0,Low
ATT000339,WMU00086,Spring 2025,36,30,15,3,High
ATT000340,WMU00192,Spring 2025,28,38,45,0,Medium
ATT000341,WMU00009,Fall 2025,40,20,45,2,Medium
ATT000342,WMU00062,Fall 2023,32,30,60,4,Medium
ATT000343,WMU00246,Fall 2023,28,20,10,3,High
ATT000344,WMU00116,Spring 2024,36,28,60,1,Medium
ATT000345,WMU00162,Fall 2024,28,20,100,0,Low
ATT000346,WMU00406,Spring 2025,20,30,10,3,Low
ATT000347,WMU00493,Fall 2023,28,25,80,4,High
ATT000348,WMU00173,Fall 2023,40,25,45,4,Low
ATT000349,WMU00384,Fall 2025,24,28,10,3,High
ATT000350,WMU00254,Spring 2024,24,35,20,1,Medium
ATT000351,WMU00360,Spring 2024,28,35,80,0,High
ATT000352,WMU00159,Spring 2024,36,15,5,0,Medium
ATT000353,WMU00450,Spring 2024,20,32,100,0,Low
ATT000354,WMU00356,Fall 2025,36,38,30,2,Medium
ATT000355,WMU00070,Fall 2024,30,18,20,0,Medium
ATT000356,WMU00133,Fall 2024,40,38,30,4,Medium
ATT000357,WMU00007,Fall 2025,20,25,15,1,Medium
ATT000358,WMU00030,Fall 2023,36,28,15,4,Low
ATT000359,WMU00228,Fall 2023,36,22,80,1,High
ATT000360,WMU00129,Fall 2024,32,32,45,3,High
ATT000361,WMU00098,Fall 2024,30,38,100,0,High
ATT000362,WMU00175,Spring 2024,24,15,15,3,Medium
ATT000363,WMU00102,Spring 2024,30,25,80,3,Low
ATT000364,WMU00278,Spring 2024,40,18,45,4,High
ATT000365,WMU00114,Fall 2024,24,18,100,3,Low
ATT000366,WMU00278,Spring 2025,36,35,30,0,High
ATT000367,WMU00266,Spring 2024,20,32,10,0,Medium
ATT000368,WMU00444,Spring 2025,20,18,30,3,Medium
ATT000369,WMU00302,Fall 2024,28,30,10,0,High
ATT000370,WMU00482,Fall 2023,40,35,20,0,High
ATT000371,WMU00194,Fall 2023,30,28,30,1,High
ATT000372,WMU00118,Spring 2025,40,25,80,1,High
ATT000373,WMU00201,Spring 2025,40,35,100,2,High
ATT000374,WMU00143,Spring 2025,24,22,80,3,Medium
ATT000375,WMU00291,Fall 2025,32,32,80,0,Low
ATT000376,WMU00183,Fall 2023,30,35,100,0,High
ATT000377,WMU00012,Fall 2024,24,28,20,1,Medium
ATT000378,WMU00245,Fall 2024,20,20,10,4,Low
ATT000379,WMU00325,Fall 2023,32,20,15,3,Medium
ATT000380,WMU00056,Fall 2024,32,38,5,4,Medium
ATT000381,WMU00376,Fall 2025,36,30,60,0,Low
ATT000382,WMU00126,Fall 2024,32,30,45,1,High
ATT000383,WMU00233,Fall 2024,24,38,45,3,Low
ATT000384,WMU00008,Spring 2024,30,25,60,4,Low
ATT000385,WMU00321,Fall 2023,20,15,5,1,High
ATT000386,WMU00290,Fall 2024,36,32,5,4,Low
ATT000387,WMU00476,Spring 2024,30,15,20,3,High
ATT000388,WMU00419,Fall 2023,40,15,100,4,High
ATT000389,WMU00215,Spring 2024,30,30,20,1,Low
ATT000390,WMU00147,Spring 2025,30,15,100,1,Medium
ATT000391,WMU00348,Spring 2024,32,25,15,3,Medium
ATT000392,WMU00365,Spring 2025,36,25,100,3,Medium
ATT000393,WMU00179,Spring 2024,36,20,60,2,Low
ATT000394,WMU00105,Spring 2024,40,32,30,2,Medium
ATT000395,WMU00214,Fall 2023,30,28,80,1,Medium
ATT000396,WMU00451,Fall 2024,30,30,45,2,Low
ATT000397,WMU00304,Spring 2025,40,38,100,1,High
ATT000398,WMU00080,Spring 2024,20,32,30,3,Medium
ATT000399,WMU00120,Spring 2024,32,28,5,0,Low
ATT000400,WMU00092,Fall 2023,28,28,15,1,Low
ATT000401,WMU00402,Fall 2023,24,30,15,3,High
ATT000402,WMU00435,Fall 2024,24,15,20,1,High
ATT000403,WMU00231,Fall 2025,30,25,45,1,Medium
ATT000404,WMU00258,Spring 2024,30,22,20,0,High
ATT000405,WMU00409,Spring 2024,36,15,80,2,Low
ATT000406,WMU00071,Spring 2025,36,30,20,2,Low
ATT000407,WMU00367,Fall 2024,30,35,45,1,High
ATT000408,WMU00030,Fall 2024,24,25,80,3,High
ATT000409,WMU00384,Fall 2024,30,28,10,1,Medium
ATT000410,WMU00270,Fall 2025,36,35,20,3,High
ATT000411,WMU00047,Fall 2023,32,38,5,0,High
ATT000412,WMU00429,Spring 2024,40,28,20,3,High
ATT000413,WMU00209,Fall 2024,40,30,20,1,Low
ATT000414,WMU00059,Spring 2024,30,30,20,1,Medium
ATT000415,WMU00284,Spring 2025,24,20,100,2,High
ATT000416,WMU00073,Spring 2025,30,20,100,1,Medium
ATT000417,WMU00377,Spring 2024,24,22,80,1,Low
ATT000418,WMU00219,Fall 2023,28,38,20,0,Low
ATT000419,WMU00485,Spring 2024,24,22,80,0,Low
ATT000420,WMU00145,Spring 2024,32,38,30,1,High
ATT000421,WMU00006,Fall 2023,24,25,5,1,High
ATT000422,WMU00339,Spring 2024,30,15,30,1,Low
ATT000423,WMU00025,Fall 2023,24,22,10,4,High
ATT000424,WMU00483,Spring 2024,24,35,30,2,Medium
ATT000425,WMU00223,Fall 2023,36,18,15,2,High
ATT000426,WMU00283,Spring 2025,30,35,5,2,Medium
ATT000427,WMU00039,Fall 2023,24,32,10,4,High
ATT000428,WMU00134,Spring 2025,40,28,10,3,Medium
ATT000429,WMU00205,Fall 2025,32,30,100,0,High
ATT000430,WMU00351,Fall 2024,36,30,30,2,High
ATT000431,WMU00413,Fall 2025,28,25,30,1,Low
ATT000432,WMU00077,Fall 2024,28,32,100,1,Medium
ATT000433,WMU00468,Spring 2025,32,20,60,2,Low
ATT000434,WMU00478,Fall 2024,28,22,15,3,Low
ATT000435,WMU00465,Fall 2023,36,38,60,4,High
ATT000436,WMU00061,Fall 2025,28,38,20,2,High
ATT000437,WMU00404,Fall 2023,24,35,100,1,High
ATT000438,WMU00101,Spring 2025,40,38,5,1,High
ATT000439,WMU00363,Spring 2025,30,38,80,4,Low
ATT000440,WMU00345,Fall 2024,36,22,10,2,Low
ATT000441,WMU00036,Fall 2023,24,20,10,4,High
ATT000442,WMU00177,Fall 2024,28,38,60,2,Medium
ATT000443,WMU00192,Fall 2023,40,18,5,1,Medium
ATT000444,WMU00323,Spring 2025,20,30,60,3,High
ATT000445,WMU00087,Fall 2024,36,35,60,0,Medium
ATT000446,WMU00345,Spring 2025,36,32,20,2,Medium
ATT000447,WMU00316,Fall 2024,30,32,10,2,High
ATT000448,WMU00147,Fall 2023,32,35,60,1,Low
ATT000449,WMU00468,Fall 2024,32,38,45,4,Low
ATT000450,WMU00489,Fall 2023,36,15,20,4,Medium
ATT000451,WMU00421,Spring 2025,24,25,15,3,Medium
ATT000452,WMU00398,Fall 2023,24,20,10,2,Medium
ATT000453,WMU00107,Fall 2023,32,30,20,3,Medium
ATT000454,WMU00107,Spring 2024,24,38,60,1,High
ATT000455,WMU00251,Fall 2023,32,25,45,4,Medium
ATT000456,WMU00042,Fall 2023,20,22,100,4,Medium
ATT000457,WMU00150,Fall 2025,28,25,60,2,Medium
ATT000458,WMU00333,Fall 2025,40,28,20,0,Medium
ATT000459,WMU00248,Fall 2023,20,35,80,1,Low
ATT000460,WMU00434,Fall 2023,20,20,10,0,High
ATT000461,WMU00456,Fall 2025,24,32,20,3,High
ATT000462,WMU00140,Fall 2024,30,22,15,2,High
ATT000463,WMU00336,Fall 2023,30,32,20,1,Low
ATT000464,WMU00416,Fall 2025,36,22,30,4,Medium
ATT000465,WMU00287,Fall 2025,28,38,20,4,Low
ATT000466,WMU00123,Fall 2023,30,30,5,0,High
ATT000467,WMU00287,Spring 2025,20,15,5,2,High
ATT000468,WMU00216,Spring 2025,32,30,60,0,High
ATT000469,WMU00175,Fall 2023,30,22,15,3,Medium
ATT000470,WMU00018,Fall 2023,28,32,100,4,High
ATT000471,WMU00145,Fall 2025,36,22,80,4,Medium
ATT000472,WMU00428,Fall 2024,32,28,30,0,Medium
ATT000473,WMU00141,Fall 2025,30,15,5,4,Low
ATT000474,WMU00255,Fall 2025,30,18,60,2,High
ATT000475,WMU00204,Fall 2023,36,28,100,0,Low
ATT000476,WMU00354,Spring 2025,28,28,80,1,High
ATT000477,WMU00241,Spring 2025,28,30,60,4,Medium
ATT000478,WMU00498,Fall 2024,28,32,20,1,High
ATT000479,WMU00337,Fall 2025,30,35,5,2,Low
ATT000480,WMU00285,Fall 2025,32,38,5,2,Medium
ATT000481,WMU00404,Spring 2025,30,28,10,4,Low
ATT000482,WMU00199,Fall 2023,30,35,30,3,Medium
ATT000483,WMU00200,Fall 2025,20,38,100,4,High
ATT000484,WMU00110,Fall 2024,24,32,30,1,Medium
ATT000485,WMU00204,Fall 2024,28,15,60,4,Medium
ATT000486,WMU00338,Fall 2025,32,22,100,0,Medium
ATT000487,WMU00015,Spring 2025,24,28,5,1,Low
ATT000488,WMU00205,Spring 2024,20,35,60,2,Medium
ATT000489,WMU00217,Fall 2025,40,38,15,2,Low
ATT000490,WMU00037,Fall 2024,28,22,45,2,High
ATT000491,WMU00374,Fall 2023,30,38,45,1,Low
ATT000492,WMU00492,Fall 2023,24,18,45,3,Low
ATT000493,WMU00422,Spring 2024,40,22,100,3,Low
ATT000494,WMU00049,Fall 2025,20,35,100,0,Low
ATT000495,WMU00416,Fall 2024,28,25,60,4,Medium
ATT000496,WMU00314,Spring 2024,30,30,5,2,High
ATT000497,WMU00262,Spring 2024,40,15,20,3,Medium
ATT000498,WMU00209,Fall 2025,28,32,30,3,Medium
ATT000499,WMU00448,Fall 2023,36,38,10,0,Medium
ATT000500,WMU00457,Fall 2024,20,20,15,0,Medium
ATT000501,WMU00128,Fall 2023,20,22,60,2,Medium
ATT000502,WMU00091,Spring 2024,32,30,100,0,High
ATT000503,WMU00091,Fall 2024,32,15,5,2,Low
ATT000504,WMU00262,Spring 2025,28,35,20,1,Low
ATT000505,WMU00074,Fall 2023,28,20,100,3,High
ATT000506,WMU00119,Fall 2024,36,30,5,0,Low
ATT000507,WMU00118,Spring 2024,32,28,45,0,Low
ATT000508,WMU00261,Fall 2025,24,38,45,3,Low
ATT000509,WMU00083,Fall 2025,40,35,5,0,Low
ATT000510,WMU00435,Spring 2024,20,20,30,2,Medium
ATT000511,WMU00195,Fall 2025,20,35,10,2,High
ATT000512,WMU00014,Spring 2025,20,30,10,4,Medium
ATT000513,WMU00326,Fall 2024,32,38,10,1,Medium
ATT000514,WMU00287,Fall 2023,36,28,5,2,Medium
ATT000515,WMU00408,Spring 2024,20,38,10,4,Low
ATT000516,WMU00008,Spring 2025,40,38,60,4,Medium
ATT000517,WMU00422,Fall 2023,20,35,60,3,Low
ATT000518,WMU00395,Fall 2023,30,15,100,0,High
ATT000519,WMU00490,Fall 2024,28,38,15,4,Low
ATT000520,WMU00155,Fall 2024,36,20,100,2,Low
ATT000521,WMU00117,Fall 2024,30,18,60,0,Low
ATT000522,WMU00058,Fall 2023,32,22,20,1,Low
ATT000523,WMU00136,Spring 2024,40,22,30,4,Medium
ATT000524,WMU00161,Fall 2025,24,20,5,4,Medium
ATT000525,WMU00062,Spring 2024,20,15,20,3,High
ATT000526,WMU00071,Fall 2023,20,32,80,2,High
ATT000527,WMU00042,Spring 2024,32,28,60,1,High
ATT000528,WMU00203,Spring 2024,30,25,100,0,Medium
ATT000529,WMU00462,Spring 2025,30,18,10,1,Medium
ATT000530,WMU00318,Spring 2025,40,20,5,1,Low
ATT000531,WMU00382,Spring 2025,30,38,45,0,Medium
ATT000532,WMU00404,Fall 2024,28,32,10,1,Low
ATT000533,WMU00418,Spring 2025,20,35,60,0,High
ATT000534,WMU00155,Fall 2025,20,35,10,0,High
ATT000535,WMU00324,Fall 2025,36,20,20,4,High
ATT000536,WMU00417,Fall 2023,24,22,5,1,Medium
ATT000537,WMU00069,Fall 2024,28,38,100,3,High
ATT000538,WMU00224,Fall 2023,36,20,5,3,Low
ATT000539,WMU00221,Spring 2024,24,18,30,2,High
ATT000540,WMU00054,Fall 2024,30,35,100,4,Low
ATT000541,WMU00337,Fall 2023,40,15,60,0,High
ATT000542,WMU00418,Fall 2025,40,30,100,0,Medium
ATT000543,WMU00235,Fall 2024,28,15,45,1,Low
ATT000544,WMU00389,Fall 2024,20,20,5,1,Medium
ATT000545,WMU00084,Spring 2024,20,35,10,3,Medium
ATT000546,WMU00080,Fall 2024,40,18,100,0,Medium
ATT000547,WMU00198,Fall 2025,28,30,5,4,High
ATT000548,WMU00477,Spring 2024,20,38,80,0,Medium
ATT000549,WMU00481,Spring 2025,20,35,20,2,Medium
ATT000550,WMU00252,Spring 2025,32,28,30,2,High
ATT000551,WMU00455,Fall 2024,28,15,60,0,High
ATT000552,WMU00440,Fall 2023,36,28,100,0,Medium
ATT000553,WMU00235,Fall 2023,40,20,80,2,Medium
ATT000554,WMU00034,Spring 2024,30,30,100,1,High
ATT000555,WMU00180,Spring 2025,32,35,45,4,High
ATT000556,WMU00149,Fall 2023,20,32,30,1,High
ATT000557,WMU00079,Fall 2023,28,18,30,1,High
ATT000558,WMU00254,Fall 2024,32,15,30,4,Medium
ATT000559,WMU00498,Fall 2025,30,32,60,1,Medium
ATT000560,WMU00221,Fall 2024,40,22,100,2,Medium
ATT000561,WMU00306,Fall 2025,30,30,10,4,Medium
ATT000562,WMU00151,Spring 2024,24,15,10,3,Medium
ATT000563,WMU00481,Fall 2025,30,20,100,3,Low
ATT000564,WMU00443,Fall 2023,30,25,60,4,Medium
ATT000565,WMU00018,Spring 2024,32,15,15,3,Low
ATT000566,WMU00350,Spring 2024,32,32,60,0,Low
ATT000567,WMU00430,Fall 2024,40,30,60,1,High
ATT000568,WMU00481,Fall 2024,32,30,60,0,Low
ATT000569,WMU00360,Fall 2025,28,38,100,1,Medium
ATT000570,WMU00232,Spring 2025,40,30,100,4,High
ATT000571,WMU00136,Fall 2024,40,30,80,0,Low
ATT000572,WMU00211,Fall 2025,30,28,60,1,Medium
ATT000573,WMU00149,Fall 2024,36,32,30,0,Low
ATT000574,WMU00296,Fall 2024,20,28,80,1,Low
ATT000575,WMU00327,Fall 2023,20,20,45,1,Medium
ATT000576,WMU00354,Fall 2024,24,22,45,1,Medium
ATT000577,WMU00088,Fall 2025,40,30,5,0,High
ATT000578,WMU00429,Fall 2024,28,35,30,4,Medium
ATT000579,WMU00225,Fall 2024,20,32,15,0,Medium
ATT000580,WMU00037,Spring 2024,40,15,45,1,Low
ATT000581,WMU00185,Fall 2025,36,28,20,2,Low
ATT000582,WMU00303,Spring 2025,40,18,20,0,High
ATT000583,WMU00269,Spring 2025,28,28,60,0,Medium
ATT000584,WMU00345,Fall 2023,32,38,20,2,High
ATT000585,WMU00035,Fall 2024,24,22,15,1,High
ATT000586,WMU00188,Spring 2025,36,18,5,4,Low
ATT000587,WMU00234,Fall 2024,24,38,30,2,High
ATT000588,WMU00279,Fall 2023,24,18,30,0,Medium
ATT000589,WMU00490,Fall 2023,40,15,100,3,High
ATT000590,WMU00081,Fall 2025,24,25,20,3,Medium
ATT000591,WMU00022,Fall 2025,32,35,15,2,Low
ATT000592,WMU00014,Fall 2024,40,20,10,0,Medium
ATT000593,WMU00372,Spring 2024,32,20,20,0,Low
ATT000594,WMU00480,Fall 2023,30,38,100,0,High
ATT000595,WMU00011,Spring 2024,20,15,5,4,Medium
ATT000596,WMU00329,Fall 2025,24,25,15,3,Medium
ATT000597,WMU00073,Spring 2024,30,35,60,1,High
ATT000598,WMU00022,Spring 2025,28,28,100,3,Medium
ATT000599,WMU00360,Fall 2023,28,28,15,3,Low
ATT000600,WMU00389,Fall 2023,40,25,100,4,High
ATT000601,WMU00298,Fall 2023,24,22,80,1,Medium
ATT000602,WMU00009,Spring 2025,28,25,15,1,High
ATT000603,WMU00150,Spring 2024,28,22,45,0,Low
ATT000604,WMU00329,Fall 2024,30,35,100,1,High
ATT000605,WMU00420,Fall 2024,20,28,5,1,Medium
ATT000606,WMU00228,Fall 2024,28,28,20,4,High
ATT000607,WMU00391,Fall 2024,32,20,100,3,Low
ATT000608,WMU00331,Spring 2025,20,25,80,3,Medium
ATT000609,WMU00239,Spring 2025,30,30,60,0,High
ATT000610,WMU00446,Fall 2025,24,35,100,3,Medium
ATT000611,WMU00455,Spring 2025,28,35,80,0,High
ATT000612,WMU00013,Spring 2025,36,20,5,3,Medium
ATT000613,WMU00301,Spring 2024,24,18,20,3,High
ATT000614,WMU00135,Fall 2024,28,38,20,0,Medium
ATT000615,WMU00042,Spring 2025,40,20,60,1,Low
ATT000616,WMU00466,Fall 2023,36,15,80,2,High
ATT000617,WMU00113,Fall 2024,20,25,30,1,Low
ATT000618,WMU00035,Spring 2025,36,18,5,3,Low
ATT000619,WMU00100,Spring 2025,28,25,45,1,High
ATT000620,WMU00038,Spring 2025,40,38,60,2,Medium
ATT000621,WMU00075,Fall 2023,36,32,30,2,Low
ATT000622,WMU00111,Fall 2023,24,18,80,0,Low
ATT000623,WMU00179,Fall 2025,36,28,20,1,Low
ATT000624,WMU00063,Spring 2025,28,38,80,1,High
ATT000625,WMU00011,Spring 2025,30,38,80,0,Low
ATT000626,WMU00063,Spring 2024,20,15,20,2,Low
ATT000627,WMU00176,Spring 2025,28,25,80,2,High
ATT000628,WMU00319,Spring 2024,36,35,45,4,High
ATT000629,WMU00255,Spring 2024,30,18,100,4,High
ATT000630,WMU00473,Fall 2023,20,32,100,3,Low
ATT000631,WMU00266,Fall 2023,36,20,10,2,High
ATT000632,WMU00158,Spring 2024,32,20,80,4,Medium
ATT000633,WMU00388,Fall 2023,24,32,60,1,High
ATT000634,WMU00470,Spring 2024,24,32,30,4,Low
ATT000635,WMU00479,Fall 2025,24,22,10,1,Low
ATT000636,WMU00467,Spring 2025,24,22,45,2,High
ATT000637,WMU00253,Spring 2024,20,32,5,2,Medium
ATT000638,WMU00381,Spring 2025,24,18,30,4,Low
ATT000639,WMU00328,Spring 2025,40,30,100,3,Medium
ATT000640,WMU00457,Spring 2024,30,32,80,2,Low
ATT000641,WMU00396,Fall 2025,30,15,20,3,Medium
ATT000642,WMU00494,Spring 2025,30,28,60,0,Low
ATT000643,WMU00444,Spring 2024,36,32,60,1,Low
ATT000644,WMU00312,Spring 2025,40,35,15,0,Low
ATT000645,WMU00468,Spring 2024,40,35,15,0,High
ATT000646,WMU00217,Fall 2024,40,22,100,3,High
ATT000647,WMU00197,Spring 2025,24,32,100,2,Medium
ATT000648,WMU00095,Spring 2024,24,30,30,1,High
ATT000649,WMU00066,Fall 2025,24,22,5,2,High
ATT000650,WMU00224,Spring 2025,40,28,60,4,Low
ATT000651,WMU00468,Fall 2023,36,15,60,3,High
ATT000652,WMU00349,Spring 2024,30,15,30,4,Medium
ATT000653,WMU00135,Spring 2024,24,18,15,1,Medium
ATT000654,WMU00195,Fall 2024,36,25,20,2,High
ATT000655,WMU00396,Spring 2024,40,25,100,0,Low
ATT000656,WMU00439,Fall 2025,32,25,60,2,Low
ATT000657,WMU00417,Spring 2025,24,25,15,0,Low
ATT000658,WMU00172,Fall 2024,40,30,20,3,High
ATT000659,WMU00059,Fall 2023,36,18,80,0,Medium
ATT000660,WMU99999,Fall 2025,32,22,60,2,High
ATT000661,WMU00196,Spring 2024,32,18,10,3,High
ATT000662,WMU00318,Spring 2024,28,38,45,2,High
ATT000663,WMU00273,Fall 2024,40,35,45,4,Medium
ATT000664,WMU00459,Fall 2024,24,18,20,3,High
ATT000665,WMU00309,Fall 2024,40,22,10,1,Medium
ATT000666,WMU00291,Fall 2023,24,30,45,4,Medium
ATT000667,WMU00415,Spring 2024,24,32,60,3,Medium
ATT000668,WMU00484,Fall 2025,32,32,80,3,Medium
ATT000669,WMU00276,Spring 2024,32,22,45,4,Medium
ATT000670,WMU00497,Spring 2024,20,22,30,0,Medium
ATT000671,WMU00377,Fall 2023,28,38,10,4,Medium
ATT000672,WMU00243,Spring 2024,24,35,5,4,High
ATT000673,WMU00266,Spring 2025,32,25,15,3,Medium
ATT000674,WMU00304,Spring 2024,40,20,20,1,High
ATT000675,WMU00044,Fall 2025,32,15,80,3,Low
ATT000676,WMU00263,Fall 2023,28,15,5,0,Low
ATT000677,WMU00133,Fall 2025,20,22,10,2,Medium
ATT000678,WMU00192,Spring 2024,32,15,30,2,Low
ATT000679,WMU00045,Fall 2024,36,22,60,2,Medium
ATT000680,WMU00085,Spring 2024,32,20,10,2,High
ATT000681,WMU00193,Fall 2023,32,15,10,0,High
ATT000682,WMU00160,Fall 2024,32,30,10,3,Medium
ATT000683,WMU00113,Spring 2024,40,32,5,2,High
ATT000684,WMU00115,Fall 2024,40,38,10,2,Medium
ATT000685,WMU00265,Spring 2025,24,35,5,3,Medium
ATT000686,WMU00387,Spring 2025,32,38,60,3,High
ATT000687,WMU00236,Spring 2025,24,30,80,1,Low
ATT000688,WMU00347,Spring 2025,32,30,10,0,Low
ATT000689,WMU00420,Spring 2024,40,22,80,1,Medium
ATT000690,WMU00477,Fall 2023,28,22,15,0,Medium
ATT000691,WMU00467,Spring 2024,32,30,80,1,Medium
ATT000692,WMU00017,Fall 2024,28,38,80,0,High
ATT000693,WMU00249,Spring 2024,40,28,45,3,High
ATT000694,WMU00398,Fall 2024,24,20,80,3,Low
ATT000695,WMU00131,Fall 2023,20,18,45,2,High
ATT000696,WMU00209,Fall 2023,32,18,80,3,Low
ATT000697,WMU00138,Spring 2025,36,20,60,0,High
ATT000698,WMU00262,Fall 2025,30,35,45,3,High
ATT000699,WMU00385,Spring 2024,32,35,100,3,Low
ATT000700,WMU00182,Fall 2023,20,35,45,4,Medium
ATT000701,WMU00462,Fall 2024,24,28,100,3,Medium
ATT000702,WMU00343,Fall 2023,40,38,30,1,High
ATT000703,WMU00357,Fall 2024,24,30,30,2,Medium
ATT000704,WMU00408,Spring 2025,20,20,60,1,Low
ATT000705,WMU00097,Fall 2025,30,30,80,3,Medium
ATT000706,WMU00227,Fall 2025,32,30,30,2,High
ATT000707,WMU00364,Fall 2024,30,30,60,4,Medium
ATT000708,WMU00210,Spring 2025,40,38,30,3,High
ATT000709,WMU00128,Spring 2024,20,28,45,1,Medium
ATT000710,WMU00192,Fall 2024,40,32,30,2,High
ATT000711,WMU00447,Spring 2025,20,20,30,0,Medium
ATT000712,WMU00109,Spring 2025,24,32,80,1,High
ATT000713,WMU00165,Fall 2025,36,15,100,2,High
ATT000714,WMU00434,Spring 2024,40,35,60,2,Low
ATT000715,WMU00428,Fall 2023,36,38,30,2,Low
ATT000716,WMU00213,Fall 2023,24,32,45,2,High
ATT000717,WMU00066,Fall 2023,40,15,80,4,Low
ATT000718,WMU00427,Fall 2023,28,22,100,1,Low
ATT000719,WMU00110,Spring 2025,36,35,45,3,High
ATT000720,WMU00329,Fall 2023,24,20,10,1,Medium
ATT000721,WMU00367,Fall 2025,32,30,30,4,Low
ATT000722,WMU00019,Spring 2025,36,25,5,3,Low
ATT000723,WMU00019,Fall 2023,30,22,5,2,Low
ATT000724,WMU00443,Spring 2024,28,15,60,1,Low
ATT000725,WMU00230,Fall 2024,40,25,5,2,Low
ATT000726,WMU00049,Fall 2023,20,20,60,2,High
ATT000727,WMU00342,Fall 2025,24,35,80,4,Medium
ATT000728,WMU00048,Fall 2023,24,22,30,3,Medium
ATT000729,WMU00144,Spring 2024,28,30,30,3,Medium
ATT000730,WMU00232,Spring 2024,36,15,20,1,Low
ATT000731,WMU00223,Fall 2024,30,22,80,2,Low
ATT000732,WMU00076,Fall 2023,28,38,15,0,High
ATT000733,WMU00500,Spring 2024,40,38,30,0,Low
ATT000734,WMU00120,Fall 2024,20,15,15,3,Medium
ATT000735,WMU00025,Spring 2025,20,32,100,0,High
ATT000736,WMU00346,Fall 2025,40,38,45,0,Medium
ATT000737,WMU00460,Spring 2024,28,35,30,4,Medium
ATT000738,WMU00399,Spring 2025,30,38,80,1,High
ATT000739,WMU00011,Fall 2023,24,22,5,3,Low
ATT000740,WMU00015,Fall 2024,28,25,20,2,Medium
ATT000741,WMU00401,Spring 2025,40,28,30,3,High
ATT000742,WMU00499,Fall 2024,32,22,45,0,Medium
ATT000743,WMU00327,Fall 2025,36,20,60,0,Low
ATT000744,WMU00458,Fall 2025,40,32,5,3,High
ATT000745,WMU00010,Spring 2025,30,28,60,3,Low
ATT000746,WMU00085,Fall 2024,30,18,100,0,Low
ATT000747,WMU00243,Fall 2023,32,20,20,3,Low
ATT000748,WMU00259,Fall 2023,40,22,10,1,Low
ATT000749,WMU00245,Spring 2025,30,32,30,2,High
ATT000750,WMU00117,Fall 2023,36,38,100,2,High
ATT000751,WMU00047,Spring 2025,20,22,20,3,Medium
ATT000752,WMU00156,Fall 2024,32,32,5,2,High
ATT000753,WMU00171,Spring 2024,32,15,80,4,Low
ATT000754,WMU00319,Spring 2025,40,15,60,2,Low
ATT000755,WMU00474,Fall 2023,20,30,30,0,Medium
ATT000756,WMU00359,Fall 2023,20,32,100,1,High
ATT000757,WMU00320,Fall 2025,36,25,80,4,High
ATT000758,WMU00470,Fall 2023,28,35,20,0,Low
ATT000759,WMU00270,Fall 2024,28,35,45,3,Low
ATT000760,WMU00284,Fall 2024,30,28,30,0,Medium
ATT000761,WMU00088,Spring 2025,28,38,15,3,Low
ATT000762,WMU00326,Spring 2025,32,15,5,1,Low
ATT000763,WMU00469,Spring 2025,40,32,100,4,Low
ATT000764,WMU00150,Fall 2024,40,30,30,1,High
ATT000765,WMU00251,Spring 2025,20,30,80,4,Medium
ATT000766,WMU00495,Fall 2025,36,38,100,2,Medium
ATT000767,WMU00156,Spring 2025,28,15,100,4,High
ATT000768,WMU00258,Fall 2023,32,28,20,0,Low
ATT000769,WMU00382,Fall 2024,24,15,80,2,Medium
ATT000770,WMU00076,Fall 2024,20,28,15,3,High
ATT000771,WMU00160,Spring 2025,32,15,10,2,Low
ATT000772,WMU00196,Fall 2024,24,15,15,4,High
ATT000773,WMU00412,Fall 2023,36,38,60,3,Low
ATT000774,WMU00130,Spring 2025,24,15,15,1,Medium
ATT000775,WMU00178,Fall 2025,40,30,45,2,Low
ATT000776,WMU00426,Fall 2023,24,15,80,4,High
ATT000777,WMU00410,Fall 2023,32,18,45,2,Low
ATT000778,WMU00176,Fall 2025,40,20,80,1,Low
ATT000779,WMU00370,Fall 2024,20,18,15,4,Medium
ATT000780,WMU00316,Spring 2025,24,18,100,2,Low
ATT000781,WMU00221,Fall 2025,20,25,15,1,Low
ATT000782,WMU00167,Fall 2025,36,35,15,0,High
ATT000783,WMU00293,Fall 2024,40,30,100,1,Low
ATT000784,WMU00017,Spring 2025,28,35,10,0,High
ATT000785,WMU00349,Fall 2025,24,15,45,2,High
ATT000786,WMU00156,Fall 2023,28,32,20,4,Medium
ATT000787,WMU00495,Spring 2025,30,32,80,1,High
ATT000788,WMU00496,Fall 2023,40,35,15,2,High
ATT000789,WMU00069,Spring 2024,28,28,20,4,Low
ATT000790,WMU00008,Spring 2025,28,18,100,1,Medium
ATT000791,WMU00064,Fall 2025,24,22,100,1,Medium
ATT000792,WMU00459,Fall 2025,28,20,45,0,High
ATT000793,WMU00028,Fall 2024,28,20,45,2,High
ATT000794,WMU00198,Spring 2024,30,30,100,4,High
ATT000795,WMU00189,Fall 2025,36,18,45,2,High
ATT000796,WMU00442,Fall 2023,20,22,5,4,Low
ATT000797,WMU00196,Spring 2025,32,30,45,2,Medium
ATT000798,WMU00149,Spring 2024,36,35,80,3,Low
ATT000799,WMU00037,Spring 2025,36,28,5,2,High
ATT000800,WMU00343,Fall 2024,32,25,10,2,High
ATT000801,WMU00127,Spring 2024,20,35,15,2,Medium
ATT000802,WMU00254,Fall 2025,30,25,5,1,Medium
ATT000803,WMU00148,Fall 2025,20,32,60,4,Medium
ATT000804,WMU00256,Spring 2024,28,28,20,2,Medium
ATT000805,WMU00499,Spring 2024,32,35,10,0,High
ATT000806,WMU00020,Fall 2023,40,20,15,3,Medium
ATT000807,WMU00010,Fall 2023,40,28,30,3,Medium
ATT000808,WMU00443,Fall 2024,36,32,80,2,Medium
ATT000809,WMU00016,Spring 2024,32,20,45,2,High
ATT000810,WMU00057,Fall 2025,20,20,20,4,Medium
ATT000811,WMU00416,Fall 2023,24,25,20,3,High
ATT000812,WMU00274,Fall 2025,30,38,5,0,Medium
ATT000813,WMU00090,Fall 2025,20,25,45,2,High
ATT000814,WMU00405,Spring 2025,28,35,30,4,High
ATT000815,WMU00402,Fall 2024,36,30,80,2,High
ATT000816,WMU00137,Fall 2025,40,18,60,3,Low
ATT000817,WMU00023,Fall 2025,24,38,45,3,High
ATT000818,WMU00461,Spring 2024,40,32,10,1,Medium
ATT000819,WMU00165,Spring 2024,28,38,20,2,Low
ATT000820,WMU00228,Spring 2025,24,32,60,3,Medium
ATT000821,WMU00094,Fall 2023,32,15,60,2,Low
ATT000822,WMU00312,Fall 2025,40,20,15,3,Low
ATT000823,WMU00463,Fall 2023,36,32,60,2,Low
ATT000824,WMU00453,Spring 2025,40,18,30,2,Low
ATT000825,WMU00306,Spring 2024,36,22,30,0,Medium
ATT000826,WMU00208,Fall 2025,36,15,5,2,Medium
ATT000827,WMU00325,Spring 2025,28,28,100,1,Medium
ATT000828,WMU00390,Fall 2024,28,28,45,2,Medium
ATT000829,WMU00337,Spring 2025,40,20,10,3,High
ATT000830,WMU00339,Spring 2025,36,22,20,2,High
ATT000831,WMU00391,Spring 2024,30,30,60,4,Low
ATT000832,WMU00157,Fall 2025,32,38,45,0,Medium
ATT000833,WMU00399,Fall 2024,40,38,10,0,High
ATT000834,WMU00297,Fall 2025,30,15,30,1,Low
ATT000835,WMU00389,Spring 2024,30,18,45,2,High
ATT000836,WMU00356,Fall 2024,30,35,45,1,Low
ATT000837,WMU00120,Fall 2025,36,38,80,4,Low
ATT000838,WMU00399,Fall 2025,24,30,100,3,Low
ATT000839,WMU00466,Spring 2025,40,38,20,0,High
ATT000840,WMU00460,Spring 2025,36,30,5,4,High
ATT000841,WMU00168,Fall 2023,32,35,100,2,High
ATT000842,WMU00291,Spring 2025,36,15,10,0,Medium
ATT000843,WMU00426,Spring 2024,28,35,20,4,Low
ATT000844,WMU00093,Fall 2023,20,18,45,1,Low
ATT000845,WMU00238,Spring 2024,20,20,60,2,Low
ATT000846,WMU00216,Spring 2024,20,38,20,1,High
ATT000847,WMU00449,Fall 2023,24,38,60,1,Medium
ATT000848,WMU00168,Spring 2024,32,15,15,0,High
ATT000849,WMU00430,Spring 2024,36,22,100,4,High
ATT000850,WMU00369,Spring 2025,30,35,15,0,High
ATT000851,WMU00367,Spring 2024,32,38,20,4,Medium
ATT000852,WMU00455,Fall 2025,28,32,100,0,Medium
ATT000853,WMU00405,Fall 2024,40,32,60,3,Low
ATT000854,WMU00448,Fall 2024,36,25,15,0,High
ATT000855,WMU00347,Spring 2024,24,25,100,0,Low
ATT000856,WMU00395,Fall 2024,28,20,60,3,Medium
ATT000857,WMU00002,Fall 2025,30,25,15,3,Medium
ATT000858,WMU00281,Spring 2024,28,15,30,3,High
ATT000859,WMU00463,Fall 2024,32,22,15,3,High
ATT000860,WMU00431,Fall 2024,40,30,60,1,Medium
ATT000861,WMU00450,Spring 2025,32,28,100,0,High
ATT000862,WMU00447,Fall 2023,36,35,80,3,Medium
ATT000863,WMU00085,Fall 2023,28,38,15,2,Medium
ATT000864,WMU00381,Fall 2023,32,32,10,2,Medium
ATT000865,WMU00295,Fall 2024,30,38,20,4,High
ATT000866,WMU00020,Fall 2025,36,28,20,0,Medium
ATT000867,WMU00315,Fall 2023,28,30,60,2,High
ATT000868,WMU00151,Fall 2025,24,22,30,0,Low
ATT000869,WMU00095,Spring 2025,36,30,5,4,High
ATT000870,WMU00167,Spring 2025,40,30,30,4,Medium
ATT000871,WMU00174,Fall 2025,30,30,100,0,Low
ATT000872,WMU00023,Fall 2023,36,35,15,1,High
ATT000873,WMU00238,Fall 2024,40,20,20,1,Medium
ATT000874,WMU00285,Fall 2023,30,35,80,1,Low
ATT000875,WMU00063,Fall 2025,20,22,80,1,Low
ATT000876,WMU00209,Spring 2025,30,35,30,0,Medium
ATT000877,WMU00347,Fall 2024,36,18,20,4,Medium
ATT000878,WMU00250,Fall 2025,30,25,100,2,Medium
ATT000879,WMU00049,Spring 2025,32,22,5,2,Medium
ATT000880,WMU00460,Fall 2023,28,38,60,2,High
ATT000881,WMU00064,Fall 2023,40,32,60,2,Medium
ATT000882,WMU00089,Spring 2024,32,30,100,0,Low
ATT000883,WMU00436,Fall 2025,28,28,10,1,Medium
ATT000884,WMU00257,Fall 2024,36,32,60,2,High
ATT000885,WMU00448,Spring 2025,28,38,30,1,Medium
ATT000886,WMU00242,Fall 2025,24,20,80,0,Medium
ATT000887,WMU00304,Fall 2025,30,18,30,3,Medium
ATT000888,WMU00075,Spring 2025,24,25,30,1,Low
ATT000889,WMU00002,Spring 2024,20,25,15,0,High
ATT000890,WMU00382,Spring 2024,32,30,80,2,Medium
ATT000891,WMU00369,Fall 2023,36,18,45,1,Low
ATT000892,WMU00218,Spring 2025,24,28,10,4,Low
ATT000893,WMU00039,Fall 2025,32,35,45,0,Medium
ATT000894,WMU00046,Fall 2025,30,28,10,1,Low
ATT000895,WMU00414,Fall 2025,28,35,45,0,High
ATT000896,WMU00175,Spring 2025,20,25,20,1,Low
ATT000897,WMU00470,Fall 2024,36,38,100,3,Medium
ATT000898,WMU00443,Spring 2025,30,22,15,3,High
ATT000899,WMU00367,Fall 2023,32,15,30,1,Low
ATT000900,WMU00359,Spring 2024,24,35,10,0,Medium
ATT000901,WMU00475,Fall 2024,20,35,10,3,Low
ATT000902,WMU00362,Fall 2025,20,28,15,1,High
ATT000903,WMU00484,Spring 2025,20,35,30,2,Medium
ATT000904,WMU00152,Fall 2025,40,25,60,2,High
ATT000905,WMU00315,Fall 2025,32,15,45,1,Medium
ATT000906,WMU00237,Fall 2024,20,20,45,4,High
ATT000907,WMU00429,Fall 2025,30,18,10,2,Low
ATT000908,WMU00448,Fall 2025,28,35,20,0,Medium
ATT000909,WMU00169,Spring 2025,40,15,80,3,High
ATT000910,WMU00247,Fall 2024,36,28,10,1,Low
ATT000911,WMU00338,Fall 2023,30,18,5,4,Low
ATT000912,WMU00006,Fall 2024,24,18,60,4,High
ATT000913,WMU00482,Fall 2024,30,25,45,1,Medium
ATT000914,WMU00186,Fall 2023,20,25,80,1,Low
ATT000915,WMU00297,Spring 2025,20,25,20,0,High
ATT000916,WMU00182,Spring 2024,24,32,30,1,Low
ATT000917,WMU00300,Fall 2025,24,30,60,3,Medium
ATT000918,WMU00193,Fall 2024,30,15,15,1,Low
ATT000919,WMU00004,Spring 2025,30,18,60,2,Medium
ATT000920,WMU00409,Spring 2025,32,15,60,1,Medium
ATT000921,WMU00424,Spring 2024,30,28,45,2,Low
ATT000922,WMU00039,Spring 2025,30,32,15,0,High
ATT000923,WMU00275,Fall 2023,24,30,80,0,Low
ATT000924,WMU00163,Spring 2025,30,28,10,0,Low
ATT000925,WMU00204,Fall 2025,28,30,100,3,Low
ATT000926,WMU00412,Fall 2025,30,38,5,2,Medium
ATT000927,WMU00418,Fall 2023,20,18,15,0,High
ATT000928,WMU00252,Fall 2024,32,18,60,3,High
ATT000929,WMU00404,Spring 2024,32,22,15,1,Medium
ATT000930,WMU00129,Spring 2024,40,22,20,1,Low
ATT000931,WMU00104,Spring 2025,36,28,30,4,Medium
ATT000932,WMU00469,Spring 2024,36,38,45,0,Medium
ATT000933,WMU00299,Fall 2023,28,32,5,3,High
ATT000934,WMU00091,Fall 2025,28,22,15,0,High
ATT000935,WMU00088,Fall 2023,32,22,5,1,Medium
ATT000936,WMU00383,Fall 2025,24,30,30,3,High
ATT000937,WMU00372,Fall 2024,32,28,45,0,High
ATT000938,WMU00154,Fall 2025,20,20,5,2,Low
ATT000939,WMU00153,Fall 2023,40,18,45,2,High
ATT000940,WMU00023,Fall 2024,32,15,45,0,Low
ATT000941,WMU00138,Fall 2023,32,22,20,2,Medium
ATT000942,WMU00095,Fall 2024,40,28,20,1,Medium
ATT000943,WMU00294,Fall 2024,24,22,5,2,Medium
ATT000944,WMU00193,Spring 2025,36,28,30,1,Medium
ATT000945,WMU00041,Spring 2025,36,15,5,4,High
ATT000946,WMU00411,Fall 2023,28,18,60,2,Low
ATT000947,WMU00497,Fall 2025,30,32,5,1,Low
ATT000948,WMU00335,Spring 2025,40,32,5,2,Medium
ATT000949,WMU00008,Fall 2024,20,18,15,2,High
ATT000950,WMU00070,Fall 2023,36,38,15,4,High
ATT000951,WMU00104,Spring 2024,40,22,20,4,High
ATT000952,WMU00295,Spring 2025,30,18,80,4,Medium
ATT000953,WMU00341,Spring 2025,30,35,10,3,Medium
ATT000954,WMU00311,Fall 2025,32,32,45,0,Medium
ATT000955,WMU00380,Spring 2025,32,18,80,1,High
ATT000956,WMU00057,Fall 2023,40,38,20,0,High
ATT000957,WMU00301,Spring 2025,20,15,45,2,High
ATT000958,WMU00301,Fall 2025,20,30,100,1,Low
ATT000959,WMU00219,Spring 2025,36,18,80,4,Low
ATT000960,WMU00499,Spring 2025,30,25,80,0,High
ATT000961,WMU00055,Fall 2025,32,25,30,0,Medium
ATT000962,WMU00116,Fall 2025,28,25,45,1,High
ATT000963,WMU00443,Fall 2025,28,38,20,2,Medium
ATT000964,WMU00494,Fall 2023,20,32,60,2,Low
ATT000965,WMU00139,Fall 2024,32,25,60,1,Low
ATT000966,WMU00045,Fall 2023,30,35,45,3,Low
ATT000967,WMU00088,Fall 2024,36,20,80,0,High
ATT000968,WMU00072,Spring 2025,36,20,60,0,Low
ATT000969,WMU00002,Spring 2025,40,30,10,0,High
ATT000970,WMU00399,Spring 2024,30,35,5,0,Low
ATT000971,WMU00233,Spring 2024,32,22,60,0,High
ATT000972,WMU00314,Fall 2025,36,18,30,4,Low
ATT000973,WMU00110,Spring 2024,40,35,10,3,Low
ATT000974,WMU00221,Fall 2023,20,22,15,3,High
ATT000975,WMU00051,Fall 2024,30,20,100,0,Medium
ATT000976,WMU00365,Fall 2024,40,35,80,3,Medium
ATT000977,WMU00246,Fall 2024,40,32,5,0,Medium
ATT000978,WMU00087,Fall 2023,36,38,80,1,High
ATT000979,WMU00268,Spring 2024,30,35,15,0,Low
ATT000980,WMU00101,Fall 2024,32,28,60,4,Medium
ATT000981,WMU00397,Fall 2023,28,30,5,3,Medium
ATT000982,WMU00246,Spring 2025,24,28,45,3,High
ATT000983,WMU00083,Spring 2025,40,38,10,4,Low
ATT000984,WMU00131,Spring 2025,24,15,45,0,Low
ATT000985,WMU00159,Fall 2024,28,30,20,4,High
ATT000986,WMU00265,Spring 2024,36,32,30,4,High
ATT000987,WMU00481,Spring 2024,32,20,45,0,Low
ATT000988,WMU00195,Fall 2023,30,28,10,3,Medium
ATT000989,WMU00176,Fall 2024,36,25,100,3,High
ATT000990,WMU00148,Spring 2024,30,22,45,4,Low
ATT000991,WMU00263,Fall 2025,32,20,10,3,High
ATT000992,WMU00396,Spring 2025,30,25,100,3,Medium
ATT000993,WMU00201,Fall 2025,30,32,20,2,High
ATT000994,WMU00153,Spring 2024,32,28,100,2,Low
ATT000995,WMU00421,Fall 2025,32,22,45,3,High
ATT000996,WMU00045,Spring 2024,32,38,80,0,Low
ATT000997,WMU00235,Fall 2025,28,20,5,0,High
ATT000998,WMU00001,Spring 2024,24,15,60,2,Medium
ATT000999,WMU00101,Fall 2025,36,38,10,1,Medium
ATT001000,WMU00480,Spring 2024,40,32,10,4,Low
ATT001001,WMU00058,Spring 2025,32,30,20,1,Medium
ATT001002,WMU00384,Spring 2024,24,15,20,0,Low
ATT001003,WMU00438,Fall 2023,40,35,80,4,Low
ATT001004,WMU00375,Spring 2025,20,28,60,4,Low
ATT001005,WMU00031,Spring 2025,32,32,45,1,Low
ATT001006,WMU00450,Fall 2024,28,28,15,3,High
ATT001007,WMU00395,Fall 2025,24,15,15,4,High
ATT001008,WMU00085,Fall 2025,28,35,80,2,Medium
ATT001009,WMU00420,Fall 2025,32,18,10,1,High
ATT001010,WMU00121,Fall 2024,24,30,20,2,High
ATT001011,WMU00268,Fall 2025,28,18,80,1,High
ATT001012,WMU00284,Fall 2025,24,20,15,4,Low
ATT001013,WMU00267,Fall 2024,20,32,80,4,Medium
ATT001014,WMU00302,Spring 2024,28,15,20,4,High
ATT001015,WMU00439,Fall 2023,28,32,45,0,Medium
ATT001016,WMU00398,Fall 2025,28,32,80,3,High
ATT001017,WMU00357,Spring 2025,20,32,30,1,Low
ATT001018,WMU00315,Spring 2024,24,25,20,2,High
ATT001019,WMU00332,Fall 2025,28,22,45,1,High
ATT001020,WMU00132,Spring 2025,36,18,10,2,Medium
ATT001021,WMU00174,Fall 2023,28,15,15,3,Low
ATT001022,WMU00434,Fall 2025,20,38,30,4,Low
ATT001023,WMU00226,Fall 2024,36,22,60,4,High
ATT001024,WMU00239,Spring 2024,40,28,80,2,Medium
ATT001025,WMU00346,Spring 2024,24,38,30,1,Low
ATT001026,WMU00328,Fall 2025,32,18,60,4,Medium
ATT001027,WMU00200,Fall 2023,40,32,5,4,High
ATT001028,WMU00021,Fall 2023,28,28,5,3,High
ATT001029,WMU00438,Fall 2025,40,25,20,4,High
ATT001030,WMU00340,Fall 2023,28,25,10,0,High
ATT001031,WMU00384,Spring 2025,20,15,30,1,Medium
ATT001032,WMU00222,Fall 2023,40,38,80,2,High
ATT001033,WMU00334,Fall 2024,24,28,30,4,Low
ATT001034,WMU00069,Spring 2025,20,15,10,4,Low
ATT001035,WMU00340,Spring 2025,32,35,60,4,High
ATT001036,WMU00189,Spring 2024,36,18,20,1,High
ATT001037,WMU00204,Spring 2024,32,22,45,3,Medium
ATT001038,WMU00060,Fall 2023,24,35,30,4,High
ATT001039,WMU00500,Fall 2025,20,18,10,2,High
ATT001040,WMU00228,Fall 2025,30,15,20,2,Medium
ATT001041,WMU00436,Fall 2024,28,30,5,0,Medium
ATT001042,WMU00125,Fall 2023,28,20,60,1,Medium
ATT001043,WMU00281,Fall 2024,40,28,45,2,Medium
ATT001044,WMU00161,Fall 2024,24,15,15,0,Low
ATT001045,WMU00352,Fall 2023,28,25,60,4,High
ATT001046,WMU00412,Fall 2024,36,20,15,1,High
ATT001047,WMU00292,Spring 2025,28,15,80,0,Medium
ATT001048,WMU00468,Fall 2025,24,25,20,2,Medium
ATT001049,WMU00134,Fall 2025,30,15,45,2,Medium
ATT001050,WMU00371,Spring 2024,36,15,5,3,Low
ATT001051,WMU00331,Spring 2024,40,22,100,0,Low
ATT001052,WMU00078,Fall 2024,30,38,45,0,Medium
ATT001053,WMU00294,Spring 2024,24,28,15,0,Medium
ATT001054,WMU00335,Fall 2023,36,18,15,0,Low
ATT001055,WMU00212,Fall 2023,24,25,10,3,Medium
ATT001056,WMU00485,Fall 2025,30,18,60,4,Low
ATT001057,WMU00232,Fall 2025,32,28,60,2,High
ATT001058,WMU00387,Fall 2025,40,18,100,2,Medium
ATT001059,WMU00378,Fall 2025,20,22,20,1,Medium
ATT001060,WMU00358,Fall 2024,30,28,5,1,High
ATT001061,WMU00491,Spring 2024,28,38,10,2,Medium
ATT001062,WMU00263,Spring 2024,36,28,100,0,Medium
ATT001063,WMU00165,Fall 2023,36,38,10,2,High
ATT001064,WMU00112,Fall 2023,30,35,15,4,Low
ATT001065,WMU00007,Fall 2023,36,28,15,2,High
ATT001066,WMU00446,Spring 2025,24,20,10,4,Low
ATT001067,WMU00035,Spring 2024,36,18,30,1,High
ATT001068,WMU00338,Spring 2024,32,38,30,4,Low
ATT001069,WMU00229,Spring 2025,28,18,30,0,Low
ATT001070,WMU00257,Fall 2023,24,35,45,3,High
ATT001071,WMU00014,Fall 2025,32,22,10,2,Low
ATT001072,WMU00352,Spring 2025,30,28,15,0,Low
ATT001073,WMU00366,Fall 2025,40,20,5,0,Medium
ATT001074,WMU00206,Spring 2025,28,15,15,0,High
ATT001075,WMU00139,Spring 2025,32,25,30,3,High
ATT001076,WMU00474,Fall 2025,32,35,100,3,Medium
ATT001077,WMU00018,Spring 2025,28,38,30,4,Low
ATT001078,WMU00429,Spring 2025,36,35,15,3,Low
ATT001079,WMU00216,Fall 2023,40,38,10,1,High
ATT001080,WMU00444,Fall 2024,30,32,45,4,Low
ATT001081,WMU00236,Spring 2024,30,25,30,4,Low
ATT001082,WMU00483,Fall 2023,28,22,15,0,High
ATT001083,WMU00369,Fall 2025,36,15,10,0,Low
ATT001084,WMU00264,Fall 2025,20,35,45,1,Low
ATT001085,WMU00009,Spring 2024,20,28,60,4,Low
ATT001086,WMU00120,Fall 2023,24,25,15,4,Medium
ATT001087,WMU00257,Spring 2025,36,15,15,1,High
ATT001088,WMU00186,Fall 2024,36,25,60,1,Medium
ATT001089,WMU00391,Spring 2025,30,18,20,1,Low
ATT001090,WMU00361,Spring 2024,24,28,20,2,Low
ATT001091,WMU00017,Fall 2023,24,35,60,3,Low
ATT001092,WMU00402,Spring 2025,40,32,80,3,Low
ATT001093,WMU00021,Fall 2024,28,20,20,4,High
ATT001094,WMU00143,Spring 2024,30,30,60,3,Medium
ATT001095,WMU00355,Spring 2024,20,35,80,3,Low
ATT001096,WMU00437,Fall 2024,20,15,80,2,Low
ATT001097,WMU00156,Spring 2024,40,25,5,0,Low
ATT001098,WMU00018,Fall 2024,40,22,5,2,Low
ATT001099,WMU00423,Fall 2025,20,38,80,1,Medium
ATT001100,WMU00083,Spring 2024,40,32,15,2,Medium
ATT001101,WMU00174,Fall 2024,24,30,45,2,Low
ATT001102,WMU00227,Fall 2023,30,35,20,4,Low
ATT001103,WMU00212,Fall 2025,30,30,20,4,High
ATT001104,WMU00184,Fall 2025,28,20,20,4,High
ATT001105,WMU00355,Fall 2025,20,35,15,4,High
ATT001106,WMU00484,Fall 2024,24,30,20,1,Medium
ATT001107,WMU00403,Fall 2023,32,30,100,0,Medium
ATT001108,WMU00071,Fall 2024,36,15,30,1,High
ATT001109,WMU00453,Fall 2024,24,28,80,1,Low
ATT001110,WMU00333,Spring 2024,32,38,45,4,Low
ATT001111,WMU00471,Fall 2025,20,18,60,4,High
ATT001112,WMU00284,Spring 2024,24,18,20,2,Low
ATT001113,WMU00495,Fall 2024,28,32,5,2,Low
ATT001114,WMU00207,Spring 2025,40,32,5,3,Medium
ATT001115,WMU00141,Spring 2025,28,15,100,4,Medium
ATT001116,WMU00076,Spring 2024,32,25,60,1,Medium
ATT001117,WMU00379,Spring 2025,30,30,100,3,High
ATT001118,WMU00418,Spring 2024,30,20,10,1,High
ATT001119,WMU00278,Fall 2025,20,28,45,0,High
ATT001120,WMU00256,Fall 2024,40,25,100,2,High
ATT001121,WMU00483,Fall 2024,28,25,15,1,Medium
ATT001122,WMU00450,Fall 2023,32,28,45,0,Low
ATT001123,WMU00118,Fall 2023,40,22,5,2,High
ATT001124,WMU00196,Fall 2025,20,28,30,0,High
ATT001125,WMU00041,Spring 2024,30,22,45,0,High
ATT001126,WMU00190,Fall 2024,36,18,5,4,Medium
ATT001127,WMU00424,Fall 2024,30,25,45,0,High
ATT001128,WMU00063,Fall 2023,24,30,20,3,Medium
ATT001129,WMU00068,Spring 2025,36,38,5,2,High
ATT001130,WMU00234,Fall 2025,20,25,10,3,Low
ATT001131,WMU00055,Fall 2024,30,20,15,1,Medium
ATT001132,WMU00094,Spring 2024,24,30,80,4,Medium
ATT001133,WMU00388,Spring 2024,40,15,20,1,Low
ATT001134,WMU00278,Fall 2024,36,35,10,1,High
ATT001135,WMU00334,Spring 2025,20,32,10,4,High
ATT001136,WMU00485,Spring 2025,36,38,20,2,Medium
ATT001137,WMU00414,Spring 2024,36,32,45,1,Low
ATT001138,WMU00414,Fall 2024,20,20,80,2,High
ATT001139,WMU00171,Fall 2024,30,22,80,1,Low
ATT001140,WMU00474,Fall 2024,20,25,20,1,Low
ATT001141,WMU00482,Spring 2024,20,35,100,3,Low
ATT001142,WMU00246,Fall 2025,24,15,60,2,High
ATT001143,WMU00184,Fall 2023,28,15,5,1,High
ATT001144,WMU00090,Fall 2024,20,35,5,1,High
ATT001145,WMU00412,Spring 2025,30,25,100,2,High
ATT001146,WMU00230,Fall 2023,20,15,5,1,Low
ATT001147,WMU00313,Fall 2025,32,20,30,0,High
ATT001148,WMU00271,Fall 2023,28,15,100,0,Medium
ATT001149,WMU00125,Spring 2024,20,20,100,2,Medium
ATT001150,WMU00033,Fall 2025,20,30,100,3,High
ATT001151,WMU00395,Spring 2024,30,22,15,0,Medium
ATT001152,WMU00391,Fall 2025,32,38,80,0,Low
ATT001153,WMU00297,Spring 2024,36,20,5,2,Low
ATT001154,WMU00348,Fall 2025,36,25,80,2,Low
ATT001155,WMU00020,Fall 2024,36,22,30,2,Low
ATT001156,WMU00306,Fall 2024,20,15,60,2,Low
ATT001157,WMU00262,Fall 2023,40,15,5,2,Medium
ATT001158,WMU00106,Spring 2024,20,18,5,2,Low
ATT001159,WMU00362,Spring 2025,24,18,20,2,Medium
ATT001160,WMU00492,Fall 2025,28,32,30,1,Low
ATT001161,WMU00272,Spring 2024,36,32,15,1,High
ATT001162,WMU00169,Fall 2024,24,38,45,3,High
ATT001163,WMU00240,Spring 2025,30,20,10,3,Medium
ATT001164,WMU00369,Fall 2024,40,18,100,4,High
ATT001165,WMU00375,Fall 2023,32,35,80,4,Medium
ATT001166,WMU00431,Spring 2024,30,30,80,3,Medium
ATT001167,WMU00442,Spring 2025,40,18,20,4,Medium
ATT001168,WMU00259,Fall 2024,30,18,15,1,High
ATT001169,WMU00279,Spring 2024,32,18,100,4,Low
ATT001170,WMU00232,Fall 2024,32,32,15,0,Medium
ATT001171,WMU00386,Fall 2024,32,32,20,0,Medium
ATT001172,WMU00402,Spring 2024,28,18,30,2,Medium
ATT001173,WMU00084,Spring 2025,36,35,60,4,Low
ATT001174,WMU00202,Spring 2024,36,32,20,2,Low
ATT001175,WMU00239,Fall 2023,32,35,5,3,High
ATT001176,WMU00309,Fall 2023,36,30,30,0,Low
ATT001177,WMU00068,Fall 2024,36,18,45,3,Medium
ATT001178,WMU00323,Fall 2025,32,28,20,4,Low
ATT001179,WMU00343,Fall 2025,40,35,45,1,High
ATT001180,WMU00145,Spring 2025,30,20,5,2,Medium
ATT001181,WMU00427,Fall 2024,40,25,20,1,High
ATT001182,WMU00314,Fall 2024,24,32,10,4,Medium
ATT001183,WMU00234,Spring 2024,28,15,60,1,High
ATT001184,WMU00383,Fall 2024,28,30,80,0,Low
ATT001185,WMU00286,Fall 2025,20,32,10,2,Low
ATT001186,WMU00346,Spring 2025,30,35,30,1,Low
ATT001187,WMU00270,Spring 2025,36,28,45,2,High
ATT001188,WMU00111,Spring 2024,28,22,45,2,Medium
ATT001189,WMU00112,Spring 2025,40,15,80,4,High
ATT001190,WMU00219,Fall 2024,32,30,80,3,High
ATT001191,WMU00099,Spring 2025,32,35,100,4,Low
ATT001192,WMU00068,Fall 2025,36,20,10,0,High
ATT001193,WMU00427,Spring 2025,20,32,15,0,Medium
ATT001194,WMU00139,Fall 2023,20,38,30,3,Low
ATT001195,WMU00166,Fall 2024,20,20,30,3,Low
ATT001196,WMU00331,Fall 2023,36,32,45,3,High
ATT001197,WMU00422,Spring 2025,36,15,30,0,Low
ATT001198,WMU00463,Spring 2025,36,25,100,3,Medium
ATT001199,WMU00392,Fall 2023,30,18,100,3,Medium
ATT001200,WMU00034,Spring 2025,28,20,60,1,Medium
ATT001201,WMU00430,Fall 2025,28,32,5,2,High
ATT001202,WMU00296,Fall 2025,32,30,80,0,Low
ATT001203,WMU00315,Spring 2025,40,15,10,4,Medium
ATT001204,WMU00267,Fall 2023,30,15,20,1,Low
ATT001205,WMU00150,Spring 2025,28,32,5,2,High
ATT001206,WMU00064,Spring 2025,28,22,5,3,Low
ATT001207,WMU00371,Fall 2023,24,25,60,3,High
ATT001208,WMU00180,Fall 2025,32,38,80,2,High
ATT001209,WMU00247,Spring 2024,40,15,20,0,Medium
ATT001210,WMU00014,Spring 2024,40,22,100,0,Medium
ATT001211,WMU00459,Fall 2023,30,38,100,4,High
ATT001212,WMU00140,Fall 2025,24,25,60,4,Low
ATT001213,WMU00475,Spring 2024,28,32,5,2,High
ATT001214,WMU00240,Fall 2025,20,18,20,0,Low
ATT001215,WMU00043,Fall 2023,32,30,30,1,Low
ATT001216,WMU00177,Spring 2025,24,18,30,2,High
ATT001217,WMU00401,Fall 2023,30,28,10,4,Low
ATT001218,WMU00070,Fall 2025,24,32,45,4,Low
ATT001219,WMU00225,Spring 2024,40,32,5,0,Low
ATT001220,WMU00454,Fall 2023,28,22,80,2,Low
ATT001221,WMU00329,Spring 2024,36,20,45,3,High
ATT001222,WMU00158,Fall 2025,30,25,5,2,Low
ATT001223,WMU00234,Spring 2025,30,20,45,0,High
ATT001224,WMU00332,Fall 2024,36,20,20,0,Low
ATT001225,WMU00371,Spring 2025,40,28,30,0,High
ATT001226,WMU00185,Spring 2025,20,18,5,1,Low
ATT001227,WMU00042,Fall 2025,30,15,80,0,Low
ATT001228,WMU00081,Spring 2024,36,30,20,0,Low
ATT001229,WMU00110,Fall 2025,28,20,15,0,High
ATT001230,WMU00201,Fall 2023,28,25,15,3,Medium
ATT001231,WMU00354,Spring 2024,36,22,45,1,High
ATT001232,WMU00262,Fall 2024,28,20,45,3,Low
ATT001233,WMU00250,Spring 2025,20,30,10,2,High
ATT001234,WMU00312,Fall 2024,40,38,30,2,High
ATT001235,WMU00497,Fall 2023,24,30,10,4,Medium
ATT001236,WMU00383,Spring 2024,40,28,45,1,Medium
ATT001237,WMU00493,Fall 2025,40,28,100,1,Medium
ATT001238,WMU00260,Fall 2023,32,20,45,0,High
ATT001239,WMU00497,Fall 2024,20,25,30,0,Low
ATT001240,WMU00181,Fall 2025,40,22,15,1,Medium
ATT001241,WMU00043,Fall 2025,32,28,20,2,High
ATT001242,WMU00346,Fall 2024,20,22,45,1,High
ATT001243,WMU00490,Fall 2025,32,15,45,0,Medium
ATT001244,WMU00496,Fall 2024,28,15,80,4,Low
ATT001245,WMU00090,Spring 2025,32,32,20,2,Medium
ATT001246,WMU00387,Spring 2024,40,25,15,2,Low
ATT001247,WMU00022,Spring 2024,28,32,80,3,Medium
ATT001248,WMU00149,Fall 2025,28,25,30,4,Medium
ATT001249,WMU00382,Fall 2023,28,38,20,0,Medium
ATT001250,WMU00269,Fall 2025,30,25,5,0,Medium
ATT001251,WMU00409,Fall 2024,20,30,100,4,Low
ATT001252,WMU00003,Spring 2024,30,25,100,3,Low
ATT001253,WMU00244,Spring 2024,36,32,45,2,Low
ATT001254,WMU00009,Fall 2023,30,32,20,4,Medium
ATT001255,WMU00381,Fall 2024,36,25,60,0,High
ATT001256,WMU00118,Fall 2024,20,20,10,0,Medium
ATT001257,WMU00170,Fall 2024,20,32,15,2,Medium
ATT001258,WMU00388,Fall 2024,40,28,20,4,Medium
ATT001259,WMU00472,Fall 2024,20,18,60,0,High
ATT001260,WMU00181,Spring 2024,40,38,20,1,High
ATT001261,WMU00303,Fall 2025,36,25,80,0,Medium
ATT001262,WMU00292,Fall 2023,32,20,60,1,Medium
ATT001263,WMU00024,Fall 2023,36,18,80,2,Low
ATT001264,WMU00426,Fall 2025,20,30,5,1,Low
ATT001265,WMU00177,Fall 2025,28,15,20,4,Medium
ATT001266,WMU00357,Spring 2024,24,38,100,4,Medium
ATT001267,WMU00038,Spring 2024,28,20,80,4,High
ATT001268,WMU00162,Spring 2024,28,20,20,3,Low
ATT001269,WMU00298,Fall 2024,40,32,30,4,Medium
ATT001270,WMU00393,Fall 2025,36,25,45,2,High
ATT001271,WMU00089,Fall 2025,36,28,45,3,High
ATT001272,WMU00440,Spring 2024,32,18,15,3,High
ATT001273,WMU00351,Spring 2024,24,18,80,2,High
ATT001274,WMU00433,Spring 2025,36,20,80,0,High
ATT001275,WMU00187,Spring 2025,24,20,15,2,Low
ATT001276,WMU00161,Spring 2025,24,22,20,3,High
ATT001277,WMU00306,Spring 2025,24,32,60,0,Medium
ATT001278,WMU00391,Fall 2023,30,25,5,2,Low
ATT001279,WMU00234,Fall 2023,28,30,45,2,Low
ATT001280,WMU00417,Fall 2024,20,20,100,3,Low
ATT001281,WMU00365,Fall 2025,32,18,10,0,Medium
ATT001282,WMU00427,Spring 2024,20,20,15,4,High
ATT001283,WMU00050,Fall 2024,32,20,5,3,High
ATT001284,WMU00227,Fall 2024,28,28,45,1,High
ATT001285,WMU00070,Spring 2025,36,20,80,3,Medium
ATT001286,WMU00314,Spring 2025,30,25,15,1,High
ATT001287,WMU00438,Fall 2024,24,28,30,1,Low
ATT001288,WMU00041,Fall 2024,40,32,20,1,High
ATT001289,WMU00024,Fall 2025,30,35,20,4,Medium
ATT001290,WMU00200,Fall 2024,40,38,15,0,Medium
ATT001291,WMU00086,Fall 2024,20,15,5,1,Medium
ATT001292,WMU00024,Spring 2025,20,32,80,1,Low
ATT001293,WMU00393,Fall 2023,28,22,30,4,Medium
ATT001294,WMU00267,Spring 2024,32,30,45,1,Medium
ATT001295,WMU00423,Fall 2023,20,28,45,3,Low
ATT001296,WMU00300,Spring 2024,20,15,45,1,Low
ATT001297,WMU00069,Fall 2025,32,38,100,1,Low
ATT001298,WMU00322,Fall 2025,32,32,20,0,High
ATT001299,WMU00062,Spring 2025,40,38,45,0,Medium
ATT001300,WMU00347,Fall 2025,32,22,20,3,Medium
ATT001301,WMU00289,Fall 2024,40,22,10,1,High
ATT001302,WMU00250,Fall 2023,30,22,30,0,High
ATT001303,WMU00121,Fall 2023,28,35,45,0,Low
ATT001304,WMU00439,Spring 2024,36,32,45,4,High
ATT001305,WMU00332,Spring 2025,40,15,100,1,Medium
ATT001306,WMU00332,Spring 2024,32,15,5,4,Low
ATT000016,WMU00220,Spring 2024,36,32,5,1,Low
